{"cameraMode":{"drawMode":0,"name":"Shaded","section":"Shading Mode"},"sceneLighting":true,"audioPlay":false,"sceneViewState":{"showFog":true,"showMaterialUpdate":false,"showSkybox":true,"showFlares":true,"showImageEffects":true,"showParticleSystems":true},"in2DMode":false,"pivot":{"x":-1.9435982704162598,"y":0.33798909187316897,"z":2.8861846923828127},"rotation":{"x":-0.08576134592294693,"y":0.8336195945739746,"z":-0.1352185308933258,"w":-0.5286892056465149},"size":5.168820381164551,"orthographic":false}