{"cameraMode":{"drawMode":0,"name":"Shaded","section":"Shading Mode"},"sceneLighting":false,"audioPlay":false,"sceneViewState":{"showFog":true,"showMaterialUpdate":false,"showSkybox":false,"showFlares":true,"showImageEffects":true,"showParticleSystems":true},"in2DMode":false,"pivot":{"x":8.940696716308594e-8,"y":0.4771069288253784,"z":-0.01921916753053665},"rotation":{"x":-0.00789564661681652,"y":0.991198718547821,"z":-0.1122937723994255,"w":-0.06969571113586426},"size":1.819494366645813,"orthographic":false}